{"userId":"6074c6e9a7c8120045632691","knowledgebaseId":"local-zWi3BAgjpdhjYFxof","name":"garden","exportDate":"2023-06-26T12:53:20.899Z","exportVersion":1,"documentRemToExportId":"1VpEH0gxKa28AoQ6x","docs":[{"key":"consumerJobStartPoint.6074c6e9a7c8120045632691.ExistingRem","_id":"0jQI9Sfc6ZNcRMDIF","o":1686770425807,"m":1686770425807,"u":1686770425807,"z":1,"owner":"local-zWi3BAgjpdhjYFxof","value":{"bottomTime":1686770416769,"lastFullBottomTime":1686770416769,"finished":true,"currentVersion":1},"value,u":1686770425807},{"key":"consumerJobStartPoint.6074c6e9a7c8120045632691.DescendantCards","_id":"EE66cIcVqhuokQP5L","o":1686770430545,"m":1686770430545,"u":1686770430545,"z":1,"owner":"local-zWi3BAgjpdhjYFxof","value":{"bottomTime":1686770416769,"lastFullBottomTime":1686770416769,"finished":true,"currentVersion":1},"value,u":1686770430545},{"key":"consumerJobStartPoint.6074c6e9a7c8120045632691.DeletedRem","_id":"GUSz2gIkJgbkarPc1","o":1686770417113,"m":1686770417113,"u":1686770417113,"z":1,"owner":"local-zWi3BAgjpdhjYFxof","value":{"bottomTime":1686770416769,"lastFullBottomTime":1686770416769,"finished":true,"currentVersion":1},"value,u":1686770417113},{"key":"queueCheckpointLastDisplayedLength","_id":"JG4QfMYCjtxSPtzNs","o":1687009766895,"m":1687009745447,"u":1687009766895,"z":1,"owner":"local-zWi3BAgjpdhjYFxof","value":2,"value,u":1687009766895},{"key":"queueCheckpointLastTime","_id":"RiAm7jBcuLxz4XUnP","o":1687009753415,"m":1687009745448,"u":1687009753415,"z":1,"owner":"local-zWi3BAgjpdhjYFxof","value":1687009753386,"value,u":1687009753415},{"key":"consumerJobStartPoint.local-zWi3BAgjpdhjYFxof.DeletedRem","_id":"VNfiAGOuSX7OKRZ9s","o":1687783972363,"m":1686412034471,"u":1687783972363,"z":1,"owner":"local-zWi3BAgjpdhjYFxof","value":{"bottomTime":1687783972361,"lastFullBottomTime":1687783972361,"finished":true,"currentVersion":1},"value,u":1687783972363},{"key":"consumerJobStartPoint.local-zWi3BAgjpdhjYFxof.DescendantCards","_id":"VWJh5iGhakZ73rmeN","o":1687783972365,"m":1686412034924,"u":1687783972365,"z":1,"owner":"local-zWi3BAgjpdhjYFxof","value":{"bottomTime":1687783972361,"lastFullBottomTime":1687783972361,"finished":true,"currentVersion":1},"value,u":1687783972365},{"key":"legacyRemMigrationsCompleted","_id":"Vmu77HnW0Adtti7Pn","o":1686412033447,"m":1686412033447,"u":1686412033447,"z":1,"owner":"local-zWi3BAgjpdhjYFxof","value":true,"value,u":1686412033447},{"key":"lastSearch","_id":"bfrrOhukVgxCYFsiY","o":1686797780663,"m":1686797779435,"u":1686797780663,"z":1,"owner":"local-zWi3BAgjpdhjYFxof","value":["JavaScript "],"value,u":1686797780663},{"key":"queueCheckpointData","_id":"cIkyJ7rRr1tT7rQjm","o":1687009753416,"m":1687009745449,"u":1687009753416,"z":1,"owner":"local-zWi3BAgjpdhjYFxof","value":[{"QueueType":1,"elapsedTime":6666,"time":1687009745418},{"QueueType":1,"elapsedTime":7968,"time":1687009753386}],"value,u":1687009753416},{"key":"finishedSignUpFirstLoad","_id":"ohC7vscZiftdvDmdp","o":1686412033450,"m":1686412033450,"u":1686412033450,"z":1,"owner":"local-zWi3BAgjpdhjYFxof","value":true,"value,u":1686412033450},{"key":"consumerJobStartPoint.local-zWi3BAgjpdhjYFxof.ExistingRem","_id":"rzA4UsbepN3WwR85s","o":1687783972364,"m":1686412034862,"u":1687783972364,"z":1,"owner":"local-zWi3BAgjpdhjYFxof","value":{"bottomTime":1687783972361,"lastFullBottomTime":1687783972361,"finished":true,"currentVersion":1},"value,u":1687783972364}]}