{"userId":"6074c6e9a7c8120045632691","knowledgebaseId":"local-zWi3BAgjpdhjYFxof","name":"garden","exportDate":"2023-06-26T12:53:20.902Z","exportVersion":1,"documentRemToExportId":"1VpEH0gxKa28AoQ6x","docs":[{"key":"hasMigratedAccountV29","_id":"0Ldm9IPAEyPq7tugm","o":1686412032289,"m":1686412032289,"u":1686412032289,"z":1,"owner":"local-zWi3BAgjpdhjYFxof","value":true,"value,u":1686412032289},{"key":"hasMigratedAccountV19","_id":"27nNp3DicZJlVQpxF","o":1686412032184,"m":1686412032184,"u":1686412032184,"z":1,"owner":"local-zWi3BAgjpdhjYFxof","value":true,"value,u":1686412032184},{"key":"refreshSidebarToFixRemNote1Point6Update","_id":"5RA65WaVRki41VDDb","o":1686412032171,"m":1686412032171,"u":1686412032171,"z":1,"owner":"local-zWi3BAgjpdhjYFxof","value":true,"value,u":1686412032171},{"key":"hasMigratedAccountV21","_id":"5bHpgM3kiIQLRKk1i","o":1686412032263,"m":1686412032263,"u":1686412032263,"z":1,"owner":"local-zWi3BAgjpdhjYFxof","value":true,"value,u":1686412032263},{"key":"hasMigratedAccountV33","_id":"8oyJskgW0e8eRC32P","o":1686412032300,"m":1686412032300,"u":1686412032300,"z":1,"owner":"local-zWi3BAgjpdhjYFxof","value":true,"value,u":1686412032300},{"key":"hasMigratedAccountV39","_id":"8pqLsyTY4BvOO8Kpe","o":1686412032329,"m":1686412032329,"u":1686412032329,"z":1,"owner":"local-zWi3BAgjpdhjYFxof","value":true,"value,u":1686412032329},{"key":"hasMigratedAccountV34","_id":"95Td5BUtDt5zrlSS1","o":1686412032328,"m":1686412032328,"u":1686412032328,"z":1,"owner":"local-zWi3BAgjpdhjYFxof","value":true,"value,u":1686412032328},{"key":"hasMigratedAccountV41","_id":"BddH8uIbxvLbkGgVg","o":1686412033153,"m":1686412033153,"u":1686412033153,"z":1,"owner":"local-zWi3BAgjpdhjYFxof","value":true,"value,u":1686412033153},{"key":"hasMigratedAccountV24","_id":"FgnM7hqtMNoQh3KL5","o":1686412032268,"m":1686412032268,"u":1686412032268,"z":1,"owner":"local-zWi3BAgjpdhjYFxof","value":true,"value,u":1686412032268},{"key":"recentlyEditedDocuments","_id":"HJBhNBRK4x8NJW2ck","o":1687737813982,"m":1686412911354,"u":1687737813982,"z":1,"owner":"local-zWi3BAgjpdhjYFxof","value":["F76P3exS0PfJw80Ed","1VpEH0gxKa28AoQ6x","VZFqx9DKMd96PrGCK","ZRCESvxatZWYhFT1J","EUQj5nQtxAss6JXe0","7rNkTS3bpOFvJhA2N","5JJMbdpc3QVn99eUH","5lJhUcbEuvOAZEZn1","hUPlb33kUuU0I7jCV","HNlsFWFhjwXx3d8EY","Wez7LbN8RjFTkOJYM","fg0gxwhCsvxVeSuAb","P16zImBI4Y3VWivCa","c1Q03c5DGVImcZm9e","St3dR8iECEKlTQjMu","RKNKy2C2fsu3WVhZ5","4Q6StaC076cczCZNK","yHWWyV7E9GvWOx4tn","1gOvm9EHlGARyY8Q1","LOiMQRwThpt4Ve0mf","0XhytJ0WvthfMI1gQ","pgTIqQkAFYHxLvSdC","ttftQqq8ry1OKNMTs","LjDFjTKGzv2l2bR5G","TOAoj4ooXfrrUj79N","A8FKeIz5y8GVJBzlZ","8f9FaDIqT1jkhcqw9","5Q103qxy0kP4hTjSB","64i0A6qoZzk4oqBdf","vgCSHKVtasj3Id92C","PzRDSxTbaGaz3T1Cu","NDwo9K1tfezdTz3uK","tRmedr9owQlG5AMVU","nqne9BrEJW6RkARQg","gAHJoye9UnLktwvvS","oiC1HxPcj8XZVsD3D","2yWKXa8B0tXB2wivB","5sdHFas6r0dQagBr6","hlcd1jp5uMeAAX3hi","lz1Mi0ChMkH660dLI","a4gnD1uJcup4czv52","gv1vWDGa9DDnx2g8O","ods9MQyXYA7yGjsHr","T8nkj6RmGsQPBhk7q","Ggi02klzp3dcsDsuf","ySezua0nQcHia1Sd1","zyTNUlJKqbqJBs1lY","rTSjLUJcLOUKnz5hC","3JaxQe1HAqncEaWt0","RUpfoVRHfIcmZan30","tNqP4dzSIm3Fz4yUp","nywqywlXmYTvkqHg4","Sa49hueBQuOh6RzcK","i8vlCq6HRP1mIXAGM","TuLl6uwIuHvNz0B9l","5j0TXJodiYFmpdWzi","9mWfASCDy4VwJfCyk","5DPcRCq4NyS69Jd9I","igKaI23oqQyuAYtCY","MzSQCCK6TiNPOIajv","jHVWmEPfi4hMCSiFk","ioIkBqlAHRhL3NKjC","Ll4pdNvPYT3pulf5i","WQ89gySH2wdnn5SVk","cZZ2rijE9oNPIAv5C","11zHAIYedEfI5qXfy","yKt4MmCycODGQj2pq","K1L01s4KjQYhQDPvs","tyYxZEpFAvlR9p4Dm","kW7UMvWZfUu0kST5Q","a45jY75I0M8hI0qxk","01J6JMdeZOpzbLlOF","FDA7gPuSZhVO3HT9W","01FcSB6bzUYY5jI4Q","1PYPmk8JBFyI7o39a","24msfDZjCNQq6IYOT","GR5xi95C6q6iYIo21","CdEWSxI6PjeiCiJB3","R7ZILBMRleAffXYlo","5jcMlGItr6SIoJlUV","mxU59OafIb9mUYasX","JGQshcP4c8UXoIaE3","Ve0rZMmip91bI3bgU","fwLqYuKsy3QH2jr57","tsL58tVLvKXTTgqcu","KQDDfOyz8hlz3Tm0o","NO8DmB47JEEMB8MUW","5m0DGCNoytR9fpevc","QgIfRovdhO3fAkuwS","ZmRWIgMrYaL1lNJfN","ErFdAa2ZdNO4V3iFZ","oztXArkG6Ey1SrmJZ","d3Fck3jynWn09O7sf","KsETUFXaD1s5ubh0N","0Z66eYuLEHJDJCgf3","YqWTcLKNQeG2tHsbv","pIb0dVqY4YKazifKA","I4wqwyVIf4tebhkzK","k7kvppyeFTDyji7CF","FSLdYyzjeqWpWVyHV"],"value,u":1687737813982},{"key":"hasMigratedAccountV32","_id":"JbUqGozIzS9oF72Gp","o":1686412032299,"m":1686412032299,"u":1686412032299,"z":1,"owner":"local-zWi3BAgjpdhjYFxof","value":true,"value,u":1686412032299},{"key":"hasMigratedAccountV30","_id":"LbbbcEK0eoSO4LtU0","o":1686412032299,"m":1686412032299,"u":1686412032299,"z":1,"owner":"local-zWi3BAgjpdhjYFxof","value":true,"value,u":1686412032299},{"key":"hasMigratedAccountV48","_id":"MyVg5yENa0DJTJxJM","o":1686412033366,"m":1686412033366,"u":1686412033366,"z":1,"owner":"local-zWi3BAgjpdhjYFxof","value":true,"value,u":1686412033366},{"key":"hasMigratedAccountV22","_id":"NGXqwkyC5H1zMjLzW","o":1686412032265,"m":1686412032265,"u":1686412032265,"z":1,"owner":"local-zWi3BAgjpdhjYFxof","value":true,"value,u":1686412032265},{"key":"hasMigratedAccountV52","_id":"OM1qwgugNkuvK2Rsz","o":1686412033409,"m":1686412033409,"u":1686412033409,"z":1,"owner":"local-zWi3BAgjpdhjYFxof","value":true,"value,u":1686412033409},{"key":"hasMigratedAccountV37","_id":"PICupAUpaH8PNus6q","o":1686412032328,"m":1686412032328,"u":1686412032328,"z":1,"owner":"local-zWi3BAgjpdhjYFxof","value":true,"value,u":1686412032328},{"key":"hasMigratedAccountV31","_id":"QaXX7nuyI8paXMokY","o":1686412032299,"m":1686412032299,"u":1686412032299,"z":1,"owner":"local-zWi3BAgjpdhjYFxof","value":true,"value,u":1686412032299},{"key":"timeInQueueOverTime","_id":"RlDGsMC9xxvkwywsf","o":1687009753386,"m":1686412033152,"u":1687009753386,"z":1,"owner":"local-zWi3BAgjpdhjYFxof","value":{"Sat Jun 17 2023":14579},"value,u":1687009753386},{"key":"hasMigratedAccountV25","_id":"SmW8upiDxIrmtu3zu","o":1686412032269,"m":1686412032269,"u":1686412032269,"z":1,"owner":"local-zWi3BAgjpdhjYFxof","value":true,"value,u":1686412032269},{"key":"hasMigratedAccountV38","_id":"T8uDVVKx4ttYpkGtY","o":1686412032329,"m":1686412032329,"u":1686412032329,"z":1,"owner":"local-zWi3BAgjpdhjYFxof","value":true,"value,u":1686412032329},{"key":"hasMigratedAccountV51","_id":"TiQV4kYG9O41laZmQ","o":1686412033402,"m":1686412033402,"u":1686412033402,"z":1,"owner":"local-zWi3BAgjpdhjYFxof","value":true,"value,u":1686412033402},{"key":"hasMigratedAccountV42","_id":"UdWcpCaToU17WYEIn","o":1686412033153,"m":1686412033153,"u":1686412033153,"z":1,"owner":"local-zWi3BAgjpdhjYFxof","value":true,"value,u":1686412033153},{"key":"hasMigratedAccountV44","_id":"UxKzK3c8JMDrwgcRV","o":1686412033307,"m":1686412033307,"u":1686412033307,"z":1,"owner":"local-zWi3BAgjpdhjYFxof","value":true,"value,u":1686412033307},{"key":"hasMigratedAccountV50","_id":"Vt7CEbdEKK9HfkSrH","o":1686412033381,"m":1686412033381,"u":1686412033381,"z":1,"owner":"local-zWi3BAgjpdhjYFxof","value":true,"value,u":1686412033381},{"key":"recentlyPracticedFolders","_id":"WO9lOk4XPl9wWhEQK","o":1687009753416,"m":1687009745449,"u":1687009753416,"z":1,"owner":"local-zWi3BAgjpdhjYFxof","value":["5Q103qxy0kP4hTjSB"],"value,u":1687009753416},{"key":"hasMigratedAccountV28","_id":"X1oBxZ9gcp0K5sU10","o":1686412032289,"m":1686412032289,"u":1686412032289,"z":1,"owner":"local-zWi3BAgjpdhjYFxof","value":true,"value,u":1686412032289},{"key":"hasMigratedAccountV27","_id":"aTMLfvQoNqNgPPj3G","o":1686412032289,"m":1686412032289,"u":1686412032289,"z":1,"owner":"local-zWi3BAgjpdhjYFxof","value":true,"value,u":1686412032289},{"key":"hasMigratedAccountV45","_id":"b0mURKMt2gSzMxSaP","o":1686412033308,"m":1686412033308,"u":1686412033308,"z":1,"owner":"local-zWi3BAgjpdhjYFxof","value":true,"value,u":1686412033308},{"key":"numberOfActionsInQueueOverTime","_id":"bIjwXh2w44xFxnJ0x","o":1687009753386,"m":1686412033152,"u":1687009753386,"z":1,"owner":"local-zWi3BAgjpdhjYFxof","value":{"Sat Jun 17 2023":2},"value,u":1687009753386},{"key":"hasMigratedAccountV35","_id":"bUTXXMSf0xVvuWRPI","o":1686412032328,"m":1686412032328,"u":1686412032328,"z":1,"owner":"local-zWi3BAgjpdhjYFxof","value":true,"value,u":1686412032328},{"key":"hasMigratedAccountV49","_id":"bk5GnGtGS191OMukL","o":1686412033376,"m":1686412033376,"u":1686412033376,"z":1,"owner":"local-zWi3BAgjpdhjYFxof","value":true,"value,u":1686412033376},{"key":"hasMigratedAccountV23","_id":"bzEFnaAd8LA3uJhNV","o":1686412032265,"m":1686412032265,"u":1686412032265,"z":1,"owner":"local-zWi3BAgjpdhjYFxof","value":true,"value,u":1686412032265},{"key":"hasMigratedAccountV43","_id":"c6eTaOR1zxI5MpKYD","o":1686412033306,"m":1686412033306,"u":1686412033306,"z":1,"owner":"local-zWi3BAgjpdhjYFxof","value":true,"value,u":1686412033306},{"key":"hasMigratedAccountV20","_id":"lJbIxrW2Z1phJ6CgQ","o":1686412032185,"m":1686412032185,"u":1686412032185,"z":1,"owner":"local-zWi3BAgjpdhjYFxof","value":true,"value,u":1686412032185},{"key":"recentlyOpenedDocuments","_id":"mLIZC35goWOqtsWVG","o":1687566444369,"m":1686412054938,"u":1687566444369,"z":1,"owner":"local-zWi3BAgjpdhjYFxof","value":["TOAoj4ooXfrrUj79N","5lJhUcbEuvOAZEZn1","oZB1KS9Cg4g7kic3V","gv1vWDGa9DDnx2g8O","01J6JMdeZOpzbLlOF","01FcSB6bzUYY5jI4Q","VZFqx9DKMd96PrGCK","24msfDZjCNQq6IYOT","Ve0rZMmip91bI3bgU","KsETUFXaD1s5ubh0N"],"value,u":1687566444369},{"key":"spacedRepetitionSchedulerIdKb","_id":"nWI0aQt9eLdTkcXOP","o":1687009734884,"m":1687009734884,"u":1687009734884,"z":1,"owner":"local-zWi3BAgjpdhjYFxof","value":"bwSCn81uXBalgcYPu","value,u":1687009734884},{"key":"hasMigratedAccountV26","_id":"ork4BtmDBL9QKTjGU","o":1686412032288,"m":1686412032288,"u":1686412032288,"z":1,"owner":"local-zWi3BAgjpdhjYFxof","value":true,"value,u":1686412032288},{"key":"hasMigratedAccountV40","_id":"p6dBH7X5HOoemwdHq","o":1686412033152,"m":1686412033152,"u":1686412033152,"z":1,"owner":"local-zWi3BAgjpdhjYFxof","value":true,"value,u":1686412033152},{"key":"migradeDarkModeToDropdown","_id":"qpQCz3Xd7pIkGMEFT","o":1686412032168,"m":1686412032168,"u":1686412032168,"z":1,"owner":"local-zWi3BAgjpdhjYFxof","value":true,"value,u":1686412032168},{"key":"hasMigratedAccountV47","_id":"t2QUSkSnEC6q9s2KT","o":1686412033308,"m":1686412033308,"u":1686412033308,"z":1,"owner":"local-zWi3BAgjpdhjYFxof","value":true,"value,u":1686412033308},{"key":"hasMigratedAccountV53","_id":"wOTW2PlZ8qyfZy4lD","o":1686412033424,"m":1686412033423,"u":1686412033424,"z":1,"owner":"local-zWi3BAgjpdhjYFxof","value":true,"value,u":1686412033424},{"key":"hasMigratedAccountV46","_id":"wjrX2NtOui1RdaFl8","o":1686412033308,"m":1686412033308,"u":1686412033308,"z":1,"owner":"local-zWi3BAgjpdhjYFxof","value":true,"value,u":1686412033308},{"key":"legacyRemMigrationsCompleted","_id":"yCzFLNSmazCx6FED0","o":1686412033429,"m":1686412033429,"u":1686412033429,"z":1,"owner":"local-zWi3BAgjpdhjYFxof","value":true,"value,u":1686412033429},{"key":"hasMigratedAccountV36","_id":"zemMSlMwxB8bZGS3j","o":1686412032328,"m":1686412032328,"u":1686412032328,"z":1,"owner":"local-zWi3BAgjpdhjYFxof","value":true,"value,u":1686412032328}]}