{"userId":"6074c6e9a7c8120045632691","knowledgebaseId":"local-zWi3BAgjpdhjYFxof","name":"garden","exportDate":"2023-06-26T12:53:20.901Z","exportVersion":1,"documentRemToExportId":"1VpEH0gxKa28AoQ6x","docs":[{"key":"redirectOnLogin","_id":"7BgQugK9QpGsI8cZA","o":1686411988695,"m":1686411988695,"u":1686411988695,"z":1,"owner":"browser","value":null,"value,u":1686411988695},{"key":"activeLessonIdentifier","_id":"A1n78Y9kfhQ5SSs6g","o":1686411956627,"m":1686411956627,"u":1686411956627,"z":1,"owner":"browser","value":"createBasicList","value,u":1686411956627},{"key":"clipboardRems","_id":"CH294tyoxCUVlznyA","o":1687783740095,"m":1686515331861,"u":1687783740095,"z":1,"owner":"browser","value":null,"value,u":1687783740095},{"key":"newDarkMode","_id":"D7LDCdGRyRHQuj41V","o":1687735627591,"m":1686411956697,"u":1687735627591,"z":1,"owner":"browser","value":"light","value,u":1687735627591},{"key":"deviceId","_id":"EP91FNVEiO8QSocXs","o":1686411988694,"m":1686411988694,"u":1686411988694,"z":1,"owner":"browser","value":"4446236990548127","value,u":1686411988694},{"key":"localKnowledgeBases","_id":"PgmixLRQdM6dVRZqs","o":1686412028394,"m":1686412028394,"u":1686412028394,"z":1,"owner":"browser","value":[{"name":"garden","_id":"local-zWi3BAgjpdhjYFxof","createdAt":1686412028345,"directory":"D:\\Resources\\garden","type":"local"}],"value,u":1686412028394},{"key":"clipboardKnowledgeBaseId","_id":"QtTENW9cSMLQ4qXiI","o":1687783740114,"m":1686515331861,"u":1687783740114,"z":1,"owner":"browser","value":null,"value,u":1687783740114},{"key":"lastCheckedPluginsForUpdate","_id":"T3YvWdEKwEPYZDaNd","o":1687735662201,"m":1686411956627,"u":1687735662201,"z":1,"owner":"browser","value":1687735662201,"value,u":1687735662201},{"key":"analytics.eventLastSentRecord","_id":"Yfq1D3PVPaZr1SN0W","o":1687783519257,"m":1686411956628,"u":1687783519257,"z":1,"owner":"browser","value":{"visitWebsite":"2023-06-25T12:04:49.062Z","OpenedDesktop":"2023-06-23T12:50:26.056Z","Subscribed":"2023-06-10T15:46:30.107Z","SubscribedPaying":"2023-06-10T15:46:30.108Z","completedSubscription.v2":"2023-06-10T15:46:30.108Z","User Signed In":"2023-06-10T15:46:30.108Z","All Notes Opened":"2023-06-23T12:50:26.056Z","Settings Opened":"2023-06-25T14:28:20.371Z","importedFromRemNote":"2023-06-10T15:47:23.265Z","Zoom Into Rem":"2023-06-25T12:04:48.990Z","Outliner Feature Used":"2023-06-25T12:04:48.990Z","hoverImage":"2023-06-23T12:50:33.829Z","Rem Children Collapsed":"2023-06-25T12:18:59.869Z","Rem Children Expanded":"2023-06-26T12:43:35.487Z","createRemWithEnter":"2023-06-26T12:43:27.694Z","createRem":"2023-06-26T12:43:27.886Z","Slash Menu Opened":"2023-06-25T14:36:15.112Z","editRemText":"2023-06-26T12:43:21.029Z","Rem Document Status Toggled":"2023-06-23T13:14:18.850Z","indentRem":"2023-06-26T12:44:03.781Z","Command Omnibar Opened":"2023-06-25T12:04:42.470Z","clickReference":"2023-06-25T14:42:26.718Z","titleDoc":"2023-06-25T13:11:01.046Z","Move Rem Omnibar Opened":"2023-06-13T01:27:08.108Z","changedReferenceDocumentTitle":"2023-06-23T03:09:45.849Z","indentRemUnderConcept":"2023-06-26T12:44:03.781Z","dragImageIntoEditor":"2023-06-26T12:44:25.939Z","pasteImage":"2023-06-26T12:44:25.941Z","Sidebar Toggled":"2023-06-25T16:44:48.636Z","outdentRem":"2023-06-26T12:43:27.914Z","swapUpDownShortcut":"2023-06-25T21:47:38.356Z","DragDropRem":"2023-06-24T17:53:38.593Z","Todays Document Created Or Opened":"2023-06-25T18:47:46.992Z","Rem Turned Into Header":"2023-06-20T14:44:25.868Z","editHeaderRemText":"2023-06-20T14:46:01.968Z","Tag Added To Rem":"2023-06-25T14:42:57.980Z","templates":"2023-06-25T14:37:11.420Z","Rem Reference Created":"2023-06-25T16:44:11.536Z","createReference":"2023-06-25T16:44:11.536Z","Flashcard Preview Opened":"2023-06-26T12:45:18.488Z","viewCard":"2023-06-26T12:45:18.489Z","createCard.v2":"2023-06-26T12:44:00.543Z","changeRemValue":"2023-06-26T12:44:00.861Z","changeConceptRemValue":"2023-06-26T12:44:00.861Z","Data Exported":"2023-06-14T19:26:35.289Z","importedFromMarkdown":"2023-06-14T19:26:52.451Z","Find Text In Document":"2023-06-25T23:26:37.429Z","togglePracticeShortcut":"2023-06-19T20:54:17.991Z","Rem Turned Into Concept":"2023-06-25T21:07:54.046Z","togglePracticeForwardShortcut":"2023-06-14T22:31:24.480Z","documentSubQueuePractice":"2023-06-15T01:04:16.564Z","openedFolderQueue":"2023-06-17T13:48:58.762Z","flashcardsPage":"2023-06-17T13:48:58.762Z","viewCardInQueue":"2023-06-17T13:48:58.762Z","viewCardInQueueShowAnswer":"2023-06-17T13:49:01.784Z","makeProperty":"2023-06-26T12:45:19.257Z","createMultiLineCard":"2023-06-23T02:52:59.216Z","turnIntoCardItemShortcut":"2023-06-25T14:36:52.500Z","MultiLineCardOutdent":"2023-06-23T02:53:15.281Z","Search Portal Created":"2023-06-15T02:56:12.874Z","queries":"2023-06-15T02:56:16.750Z","Rem Turned Into Basic Card":"2023-06-25T21:07:51.544Z","Rem Turned Into Descriptor":"2023-06-25T21:07:55.938Z","hoverCloze":"2023-06-25T12:09:42.216Z","OpenedFlashcardHome":"2023-06-17T13:48:43.167Z","OpenedDocumentFlashcardPage":"2023-06-17T13:48:54.688Z","flashcardRatingButtonShortcut":"2023-06-17T13:49:05.416Z","viewCardInQueueGiveFeedback.v2":"2023-06-17T13:49:05.449Z","addFolder":"2023-06-18T12:56:38.168Z","addHighlightFromSlashMenu":"2023-06-18T12:57:08.054Z","Copy Rem As Reference":"2023-06-19T00:11:49.020Z","ViewedSubscriptionPage":"2023-06-19T01:00:32.817Z","turnIntoListItemShortcut":"2023-06-21T12:41:13.090Z","addTodayFromSlashMenu":"2023-06-24T00:27:18.976Z","toggleEditLaterShortcut":"2023-06-25T14:42:02.047Z"},"value,u":1687783519257},{"key":"cramQueue.finishedCards.5Q103qxy0kP4hTjSB","_id":"oLcdK0EVxpXXsvKxb","o":1687009753416,"m":1687009738771,"u":1687009753416,"z":1,"owner":"browser","value":["GqGQm2Zd5dkQQUYXr","yecqDalHZB1wrIPwr"],"value,u":1687009753416},{"key":"migrated1Point8ImagesAgain","_id":"oR87eOnKe9jAiVErO","o":1686411989260,"m":1686411989260,"u":1686411989260,"z":1,"owner":"browser","value":true,"value,u":1686411989260},{"key":"collapseSidebar","_id":"qddccIDm81Q82zk4p","o":1687735654256,"m":1686573458693,"u":1687735654256,"z":1,"owner":"browser","value":false,"value,u":1687735654256},{"key":"finishedTransitionFromGuestMode","_id":"qzaLhR5Zzm3vZH49G","o":1686411991118,"m":1686411991118,"u":1686411991118,"z":1,"owner":"browser","value":true,"value,u":1686411991118},{"key":"clipboardPortalId","_id":"us59GxcGSyg2aefmr","o":1687783740096,"m":1686515331861,"u":1687783740096,"z":1,"owner":"browser","value":null,"value,u":1687783740096},{"key":"previousZoomFactor","_id":"vz65aOiKaLStbGN0y","o":1687727283583,"m":1686416006556,"u":1687727283583,"z":1,"owner":"browser","value":1.2,"value,u":1687727283583}]}