{"version":"1.11.3","remSync":{"_id":"quanta","lastSync":0,"lastSyncFullBatchDoneTime":0,"lastServerTime":0,"lastServerFullBatchDoneTime":0,"minDeletedDocsTime":1686412031821,"lastServerBatchFull":true,"owner":"local-zWi3BAgjpdhjYFxof"},"cardSync":{"_id":"cards","lastSync":0,"lastSyncFullBatchDoneTime":0,"lastServerTime":0,"lastServerFullBatchDoneTime":0,"minDeletedDocsTime":1686412031820,"lastServerBatchFull":true,"owner":"local-zWi3BAgjpdhjYFxof"},"time":1687784000959,"date":"Mon Jun 26 2023 07:53:20 GMT-0500 (Central Daylight Time)","device":{"userAgent":"Mozilla/5.0 (Windows NT 10.0; Win64; x64) AppleWebKit/537.36 (KHTML, like Gecko) RemNote/1.11.3 Chrome/110.0.5481.177 Electron/23.1.2 Safari/537.36","platform":"desktop","serverType":"production","lastTime":1687784000960,"version":"1.11.3"},"user":{"_id":"6074c6e9a7c8120045632691","providers":["google"],"createdAt":"2021-04-12T22:17:13.351Z","email":"nmartin84@gmail.com","email_verified":true,"name":"Nick Martin","avatar":"https://lh3.googleusercontent.com/a-/AOh14GipF82dKppOq8JnzXHuKACZmrpDJl7nrrYc71exav0=s96-c","intercomHmacFromUserId":"e15a6a55bb1bb6f17bc8ce7c9ad42795c4ccf2d2ba3e111de81d59d5fe5f73c8","is_education_email":false,"updatedAt":null}}