{"userId":"6074c6e9a7c8120045632691","knowledgebaseId":"local-zWi3BAgjpdhjYFxof","name":"garden","exportDate":"2023-06-26T12:53:20.898Z","exportVersion":1,"documentRemToExportId":"1VpEH0gxKa28AoQ6x","docs":[{"createdAt":1685498271102,"n":"","st":"default","ift":"1, 2","eb":1.3,"se":2.3,"lfs":"0, 1, 4","ei":4,"lni":0.1,"im":1,"md":1825,"m":1686412039987,"z":1,"_id":"YRklyJUdj1mlgkjOl","o":1686412039987,"u":1686412039987,"owner":"local-zWi3BAgjpdhjYFxof"},{"createdAt":1687009734806,"n":"","st":"default","ift":"1, 2","eb":1.3,"se":2.3,"lfs":"0, 1, 4","ei":4,"lni":0.1,"im":1,"md":1825,"_id":"bwSCn81uXBalgcYPu","o":1687009734806,"m":1687009734806,"u":1687009734806,"z":1,"owner":"local-zWi3BAgjpdhjYFxof"}]}